Date,Open,High,Low,Close,Volume,Daily_Return,Price_Range,Price_Change,MA_7,MA_30,MA_90,Volatility_30d,Day_of_Week,Month,Year,Quarter
2014-09-17,465.86,468.17,452.42,457.33,21056800,,15.75,-8.53,,,,,Wednesday,9,2014,3
2014-09-18,456.86,456.86,413.1,424.44,34483200,-7.19,43.76,-32.42,,,,,Thursday,9,2014,3
2014-09-19,424.1,427.83,384.53,394.8,37919700,-6.98,43.3,-29.31,,,,,Friday,9,2014,3
2014-09-20,394.67,423.3,389.88,408.9,36863600,3.57,33.41,14.23,,,,,Saturday,9,2014,3
2014-09-21,408.08,412.43,393.18,398.82,26580100,-2.47,19.24,-9.26,,,,,Sunday,9,2014,3
2014-09-22,399.1,406.92,397.13,402.15,24127600,0.84,9.79,3.05,,,,,Monday,9,2014,3
2014-09-23,402.09,441.56,396.2,435.79,45099500,8.36,45.36,33.7,417.46,,,,Tuesday,9,2014,3
2014-09-24,435.75,436.11,421.13,423.2,30627700,-2.89,14.98,-12.55,412.59,,,,Wednesday,9,2014,3
2014-09-25,423.16,423.52,409.47,411.57,26814400,-2.75,14.05,-11.58,410.75,,,,Thursday,9,2014,3
2014-09-26,411.43,414.94,400.01,404.42,21460800,-1.74,14.93,-7.0,412.12,,,,Friday,9,2014,3
2014-09-27,403.56,406.62,397.37,399.52,15029300,-1.21,9.25,-4.04,410.78,,,,Saturday,9,2014,3
2014-09-28,399.47,401.02,374.33,377.18,23613300,-5.59,26.68,-22.29,407.69,,,,Sunday,9,2014,3
2014-09-29,376.93,385.21,372.24,375.47,32497700,-0.45,12.97,-1.46,403.88,,,,Monday,9,2014,3
2014-09-30,376.09,390.98,373.44,386.94,34707300,3.06,17.53,10.86,396.9,,,,Tuesday,9,2014,3
2014-10-01,387.43,391.38,380.78,383.61,26229400,-0.86,10.6,-3.81,391.25,,,,Wednesday,10,2014,4
2014-10-02,383.99,385.5,372.95,375.07,21777700,-2.23,12.55,-8.92,386.03,,,,Thursday,10,2014,4
2014-10-03,375.18,377.7,357.86,359.51,30901200,-4.15,19.84,-15.67,379.62,,,,Friday,10,2014,4
2014-10-04,359.89,364.49,325.89,328.87,47236500,-8.52,38.6,-31.03,369.52,,,,Saturday,10,2014,4
2014-10-05,328.92,341.8,289.3,320.51,83308096,-2.54,52.51,-8.41,361.43,,,,Sunday,10,2014,4
2014-10-06,320.39,345.13,302.56,330.08,79011800,2.99,42.57,9.69,354.94,,,,Monday,10,2014,4
2014-10-07,330.58,339.25,320.48,336.19,49199900,1.85,18.77,5.6,347.69,,,,Tuesday,10,2014,4
2014-10-08,336.12,354.36,327.19,352.94,54736300,4.98,27.18,16.82,343.31,,,,Wednesday,10,2014,4
2014-10-09,352.75,382.73,347.69,365.03,83641104,3.42,35.04,12.28,341.87,,,,Thursday,10,2014,4
2014-10-10,364.69,375.07,352.96,361.56,43665700,-0.95,22.1,-3.12,342.17,,,,Friday,10,2014,4
2014-10-11,361.36,367.19,355.95,362.3,13345200,0.2,11.24,0.94,346.94,,,,Saturday,10,2014,4
2014-10-12,362.61,379.43,356.14,378.55,17552800,4.49,23.29,15.94,355.23,,,,Sunday,10,2014,4
2014-10-13,377.92,397.23,368.9,390.41,35221400,3.13,28.33,12.49,363.85,,,,Monday,10,2014,4
2014-10-14,391.69,411.7,391.32,400.87,38491500,2.68,20.37,9.18,373.09,,,,Tuesday,10,2014,4
2014-10-15,400.95,402.23,388.77,394.77,25267100,-1.52,13.46,-6.18,379.07,,,,Wednesday,10,2014,4
2014-10-16,394.52,398.81,373.07,382.56,26990000,-3.09,25.74,-11.96,381.57,384.11,,,Thursday,10,2014,4
2014-10-17,382.76,385.48,375.39,383.76,13600700,0.31,10.09,1.0,384.75,381.66,,3.91,Friday,10,2014,4
2014-10-18,383.98,395.16,378.97,391.44,11416800,2.0,16.19,7.47,388.91,380.56,,3.73,Saturday,10,2014,4
2014-10-19,391.25,393.94,386.46,389.55,5914570,-0.48,7.48,-1.71,390.48,380.39,,3.5,Sunday,10,2014,4
2014-10-20,389.23,390.08,378.25,382.85,16419000,-1.72,11.83,-6.39,389.4,379.52,,3.45,Monday,10,2014,4
2014-10-21,382.42,392.65,380.83,386.48,14188900,0.95,11.81,4.05,387.34,379.11,,3.43,Tuesday,10,2014,4
2014-10-22,386.12,388.58,382.25,383.16,11641300,-0.86,6.33,-2.96,385.68,378.47,,3.43,Wednesday,10,2014,4
2014-10-23,382.96,385.05,356.45,358.42,26456900,-6.46,28.6,-24.55,382.23,375.89,,3.23,Thursday,10,2014,4
2014-10-24,358.59,364.35,353.3,358.35,15585700,-0.02,11.04,-0.25,378.6,373.73,,3.2,Friday,10,2014,4
2014-10-25,358.61,359.86,342.88,347.27,18127500,-3.09,16.98,-11.34,372.29,371.59,,3.21,Saturday,10,2014,4
2014-10-26,347.49,359.22,343.93,354.7,11272500,2.14,15.29,7.22,367.32,369.93,,3.23,Sunday,10,2014,4
2014-10-27,354.78,358.63,349.81,352.99,13033000,-0.48,8.82,-1.79,363.05,368.38,,3.23,Monday,10,2014,4
2014-10-28,353.21,359.98,352.68,357.62,7845880,1.31,7.31,4.4,358.93,367.73,,3.09,Tuesday,10,2014,4
2014-10-29,357.09,357.83,335.34,335.59,18192700,-6.16,22.49,-21.5,352.13,366.4,,3.28,Wednesday,10,2014,4
2014-10-30,335.71,350.91,335.07,345.3,30177900,2.89,15.84,9.6,350.26,365.01,,3.27,Thursday,10,2014,4
2014-10-31,345.01,348.05,337.14,338.32,12545400,-2.02,10.9,-6.69,347.4,363.5,,3.29,Friday,10,2014,4
2014-11-01,338.65,340.53,321.05,325.75,16677200,-3.72,19.47,-12.9,344.33,361.86,,3.33,Saturday,11,2014,4
2014-11-02,326.08,329.05,320.63,325.89,8603620,0.04,8.42,-0.18,340.21,360.74,,3.25,Sunday,11,2014,4
2014-11-03,325.57,334.0,325.48,327.55,12948500,0.51,8.52,1.98,336.58,360.69,,2.86,Monday,11,2014,4
2014-11-04,327.16,331.77,325.08,330.49,15655500,0.9,6.69,3.33,332.7,361.02,,2.82,Tuesday,11,2014,4
2014-11-05,330.68,343.37,330.68,339.49,19817200,2.72,12.69,8.8,333.26,361.34,,2.81,Wednesday,11,2014,4
2014-11-06,339.46,352.97,338.42,349.29,18797000,2.89,14.54,9.83,333.83,361.77,,2.84,Thursday,11,2014,4
2014-11-07,349.82,352.73,341.78,342.42,16834200,-1.97,10.96,-7.4,334.41,361.42,,2.71,Friday,11,2014,4
2014-11-08,342.15,347.03,342.15,345.49,8535470,0.9,4.88,3.33,337.23,360.77,,2.64,Saturday,11,2014,4
2014-11-09,345.38,363.63,344.26,363.26,24205600,5.15,19.37,17.89,342.57,360.83,,2.8,Sunday,11,2014,4
2014-11-10,362.27,374.82,357.56,366.92,30450100,1.01,17.26,4.66,348.19,360.98,,2.81,Monday,11,2014,4
2014-11-11,365.86,371.31,363.73,367.7,15838900,0.21,7.58,1.84,353.51,360.62,,2.68,Tuesday,11,2014,4
2014-11-12,367.98,429.72,367.98,423.56,45783200,15.19,61.73,55.58,365.52,361.73,,3.83,Wednesday,11,2014,4
2014-11-13,427.27,457.09,401.12,420.73,58945000,-0.67,55.97,-6.54,375.73,362.39,,3.81,Thursday,11,2014,4
2014-11-14,418.42,419.25,384.79,397.82,29589200,-5.45,34.46,-20.6,383.64,362.49,,3.94,Friday,11,2014,4
2014-11-15,399.65,405.53,371.01,376.13,15727500,-5.45,34.52,-23.52,388.02,362.28,,4.03,Saturday,11,2014,4
2014-11-16,374.73,390.8,374.6,387.88,11905600,3.12,16.2,13.15,391.54,362.41,,4.07,Sunday,11,2014,4
2014-11-17,388.35,410.2,377.5,387.41,41518800,-0.12,32.7,-0.94,394.46,362.28,,4.05,Monday,11,2014,4
2014-11-18,387.79,392.4,371.12,375.2,32222500,-3.15,21.29,-12.59,395.53,361.8,,4.09,Tuesday,11,2014,4
2014-11-19,373.9,386.48,373.9,380.55,18931800,1.43,12.58,6.66,389.39,361.72,,4.09,Wednesday,11,2014,4
2014-11-20,380.31,382.02,356.78,357.84,25233200,-5.97,25.24,-22.47,380.4,360.77,,4.23,Thursday,11,2014,4
2014-11-21,357.88,357.88,344.11,350.85,29850100,-1.95,13.77,-7.03,373.69,359.69,,4.24,Friday,11,2014,4
2014-11-22,351.6,364.84,350.88,352.92,15273000,0.59,13.96,1.32,370.38,359.51,,4.07,Saturday,11,2014,4
2014-11-23,353.17,370.85,353.17,367.57,15151600,4.15,17.67,14.4,367.48,359.82,,4.14,Sunday,11,2014,4
2014-11-24,366.95,387.21,366.67,376.9,30930100,2.54,20.54,9.95,365.98,360.8,,4.12,Monday,11,2014,4
2014-11-25,376.89,394.7,374.78,375.35,25442200,-0.41,19.92,-1.54,366.0,361.49,,4.11,Tuesday,11,2014,4
2014-11-26,376.02,377.7,365.82,368.37,18601700,-1.86,11.88,-7.65,364.26,362.01,,4.12,Wednesday,11,2014,4
2014-11-27,370.5,373.99,368.28,369.67,8748030,0.35,5.71,-0.83,365.95,362.41,,4.12,Thursday,11,2014,4
2014-11-28,369.37,382.84,358.45,376.45,22946500,1.83,24.38,7.07,369.6,363.77,,3.95,Friday,11,2014,4
2014-11-29,376.15,387.6,372.14,375.49,15375600,-0.25,15.46,-0.66,372.83,364.78,,3.92,Saturday,11,2014,4
2014-11-30,375.51,382.53,373.31,378.05,9194440,0.68,9.22,2.54,374.32,366.1,,3.9,Sunday,11,2014,4
2014-12-01,378.25,383.66,376.67,379.24,11763000,0.32,6.99,1.0,374.66,367.88,,3.82,Monday,12,2014,4
2014-12-02,379.25,384.04,377.86,381.32,12364100,0.55,6.17,2.07,375.51,369.73,,3.82,Tuesday,12,2014,4
2014-12-03,381.72,383.03,374.35,375.01,13340100,-1.65,8.68,-6.71,376.46,371.31,,3.84,Wednesday,12,2014,4
2014-12-04,375.72,378.65,367.76,369.6,14529600,-1.44,10.9,-6.11,376.45,372.62,,3.85,Thursday,12,2014,4
2014-12-05,369.44,379.19,365.76,376.85,15181800,1.96,13.44,7.41,376.51,373.86,,3.84,Friday,12,2014,4
2014-12-06,376.76,378.45,370.95,374.79,7009320,-0.55,7.5,-1.97,376.41,374.71,,3.82,Saturday,12,2014,4
2014-12-07,374.84,376.29,373.27,375.1,6491650,0.08,3.02,0.26,375.99,375.8,,3.79,Sunday,12,2014,4
2014-12-08,374.96,376.03,361.89,361.91,18898700,-3.52,14.14,-13.06,373.51,376.35,,3.86,Monday,12,2014,4
2014-12-09,361.89,363.07,344.95,352.22,32915500,-2.68,18.12,-9.68,369.35,375.98,,3.78,Tuesday,12,2014,4
2014-12-10,352.2,352.38,346.36,346.36,16427700,-1.66,6.02,-5.84,365.26,375.29,,3.78,Wednesday,12,2014,4
2014-12-11,344.34,361.36,338.76,350.51,32431300,1.2,22.59,6.17,362.53,374.72,,3.79,Thursday,12,2014,4
2014-12-12,350.83,352.98,349.29,352.54,16989800,0.58,3.69,1.71,359.06,372.35,,2.46,Friday,12,2014,4
2014-12-13,352.38,352.38,346.59,347.38,11675900,-1.47,5.79,-5.01,355.14,369.91,,2.47,Saturday,12,2014,4
2014-12-14,346.73,353.32,345.42,351.63,12415200,1.23,7.9,4.9,351.79,368.37,,2.31,Sunday,12,2014,4
2014-12-15,351.36,351.82,344.93,345.35,17264200,-1.79,6.88,-6.02,349.43,367.34,371.24,2.13,Monday,12,2014,4
2014-12-16,345.67,345.86,327.06,327.06,30864900,-5.29,18.8,-18.61,345.83,365.32,369.8,2.22,Tuesday,12,2014,4
2014-12-17,326.86,333.95,315.15,319.78,37567900,-2.23,18.8,-7.08,342.03,363.06,368.63,2.24,Wednesday,12,2014,4
2014-12-18,319.79,323.71,304.23,311.4,39173000,-2.62,19.48,-8.39,336.45,360.93,367.71,2.22,Thursday,12,2014,4
2014-12-19,311.18,318.53,306.77,317.84,23823100,2.07,11.76,6.66,331.49,358.84,366.7,2.24,Friday,12,2014,4
2014-12-20,317.62,330.33,316.04,329.96,20856700,3.81,14.28,12.34,329.0,357.91,365.93,2.14,Saturday,12,2014,4
2014-12-21,329.54,329.63,318.9,320.84,15207600,-2.76,10.73,-8.7,324.6,356.91,365.03,2.17,Sunday,12,2014,4
2014-12-22,321.07,334.12,320.42,331.89,22315100,3.44,13.69,10.82,322.68,356.21,363.87,2.26,Monday,12,2014,4
2014-12-23,332.02,336.29,329.6,334.57,16574200,0.81,6.68,2.55,323.75,355.11,362.89,2.12,Tuesday,12,2014,4
2014-12-24,334.39,334.74,321.36,322.53,15092300,-3.6,13.38,-11.85,324.15,353.3,361.9,2.14,Wednesday,12,2014,4
2014-12-25,322.29,322.67,316.96,319.01,9883640,-1.09,5.71,-3.28,325.23,351.42,360.95,2.14,Thursday,12,2014,4
2014-12-26,319.15,331.42,316.63,327.92,16410500,2.79,14.8,8.77,326.67,350.08,360.15,2.21,Friday,12,2014,4
2014-12-27,327.58,328.91,312.63,315.86,15185200,-3.68,16.28,-11.72,324.66,348.28,359.47,2.28,Saturday,12,2014,4
2014-12-28,316.16,320.03,311.08,317.24,11676600,0.44,8.95,1.08,324.15,346.31,358.83,2.25,Sunday,12,2014,4
2014-12-29,317.7,320.27,312.31,312.67,12302500,-1.44,7.96,-5.03,321.4,344.21,358.0,2.25,Monday,12,2014,4
2014-12-30,312.72,314.81,309.37,310.74,12528300,-0.62,5.44,-1.98,318.0,341.97,357.19,2.24,Tuesday,12,2014,4
2014-12-31,310.91,320.19,310.21,320.19,13942900,3.04,9.98,9.28,317.66,340.0,356.58,2.33,Wednesday,12,2014,4
2015-01-01,320.43,320.43,314.0,314.25,8036550,-1.86,6.43,-6.19,316.98,337.77,356.08,2.33,Thursday,1,2015,1
2015-01-02,314.08,315.84,313.57,315.03,7860650,0.25,2.27,0.95,315.14,335.77,355.92,2.33,Friday,1,2015,1
2015-01-03,314.85,315.15,281.08,281.08,33054400,-10.78,34.07,-33.76,310.17,332.82,355.49,2.99,Saturday,1,2015,1
2015-01-04,281.15,287.23,257.61,264.2,55629100,-6.01,29.62,-16.95,302.59,329.06,354.75,3.08,Sunday,1,2015,1
2015-01-05,265.08,278.34,265.08,274.47,43962800,3.89,13.26,9.39,297.14,325.72,354.07,3.21,Monday,1,2015,1
2015-01-06,274.61,287.55,272.7,286.19,23245700,4.27,14.86,11.58,293.63,322.75,353.33,3.35,Tuesday,1,2015,1
2015-01-07,286.08,298.75,283.08,294.34,24866800,2.85,15.67,8.26,289.94,320.5,352.54,3.37,Wednesday,1,2015,1
2015-01-08,294.14,294.14,282.17,283.35,19982500,-3.73,11.96,-10.79,285.52,318.21,351.67,3.4,Thursday,1,2015,1
2015-01-09,282.38,291.11,280.53,290.41,18718600,2.49,10.58,8.02,282.0,316.34,350.87,3.44,Friday,1,2015,1
2015-01-10,287.3,288.13,273.97,274.8,15264300,-5.38,14.16,-12.51,281.11,313.82,349.72,3.54,Saturday,1,2015,1
2015-01-11,274.61,279.64,265.04,265.66,18200800,-3.32,14.6,-8.95,281.32,310.92,348.33,3.56,Sunday,1,2015,1
2015-01-12,266.15,272.2,265.2,267.8,18880300,0.8,7.0,1.65,280.36,308.27,346.86,3.57,Monday,1,2015,1
2015-01-13,267.39,268.28,219.91,225.86,72843904,-15.66,48.37,-41.53,271.74,304.08,344.98,4.46,Tuesday,1,2015,1
2015-01-14,223.89,223.89,171.51,178.1,97638704,-21.14,52.38,-45.79,255.14,298.5,342.71,5.74,Wednesday,1,2015,1
2015-01-15,176.9,229.07,176.9,209.84,81773504,17.82,52.17,32.95,244.64,294.59,340.77,6.75,Thursday,1,2015,1
2015-01-16,209.07,221.59,199.77,208.1,38421000,-0.83,21.82,-0.97,232.88,290.87,338.74,6.74,Friday,1,2015,1
2015-01-17,207.83,211.73,194.88,199.26,23469700,-4.25,16.86,-8.57,222.09,287.13,336.62,6.76,Saturday,1,2015,1
2015-01-18,200.05,218.7,194.51,210.34,30085100,5.56,24.19,10.29,214.19,283.55,334.71,6.85,Sunday,1,2015,1
2015-01-19,211.47,216.73,207.32,214.86,18658300,2.15,9.41,3.39,206.62,279.71,332.8,6.82,Monday,1,2015,1
2015-01-20,212.91,215.24,205.15,211.32,24051100,-1.65,10.09,-1.59,204.55,276.06,330.89,6.81,Tuesday,1,2015,1
2015-01-21,211.38,227.79,211.21,226.9,29924600,7.37,16.58,15.52,211.52,272.56,329.43,6.94,Wednesday,1,2015,1
2015-01-22,227.32,237.02,226.43,233.41,33544600,2.87,10.58,6.08,214.88,269.19,328.04,6.97,Thursday,1,2015,1
2015-01-23,233.52,234.85,225.2,232.88,24621700,-0.23,9.65,-0.64,218.42,266.2,326.77,6.95,Friday,1,2015,1
2015-01-24,232.7,248.21,230.02,247.85,24782500,6.43,18.19,15.15,225.36,263.83,325.58,7.08,Saturday,1,2015,1
2015-01-25,247.35,255.07,243.89,253.72,33582700,2.37,11.18,6.37,231.56,261.36,324.48,7.07,Sunday,1,2015,1
2015-01-26,254.08,309.38,254.08,273.47,106794000,7.79,55.31,19.39,239.93,259.94,323.54,7.21,Monday,1,2015,1
2015-01-27,273.17,275.48,250.65,263.48,44399000,-3.66,24.83,-9.69,247.39,258.15,322.74,7.23,Tuesday,1,2015,1
2015-01-28,263.35,266.54,227.05,233.91,44352200,-11.22,39.49,-29.44,248.39,255.53,321.51,7.5,Wednesday,1,2015,1
2015-01-29,233.35,238.71,220.71,233.51,32213400,-0.17,17.99,0.16,248.4,252.95,320.34,7.5,Thursday,1,2015,1
2015-01-30,232.77,242.85,225.84,226.43,26605200,-3.04,17.01,-6.35,247.48,249.83,319.24,7.48,Friday,1,2015,1
2015-01-31,226.44,233.5,216.31,217.46,23348200,-3.96,17.19,-8.98,243.14,246.6,318.03,7.5,Saturday,1,2015,1
2015-02-01,216.87,231.57,212.01,226.97,29128500,4.37,19.56,10.1,239.32,243.66,316.91,7.56,Sunday,2,2015,1
2015-02-02,226.49,242.18,222.66,238.23,30612100,4.96,19.52,11.74,234.28,242.24,315.89,7.38,Monday,2,2015,1
2015-02-03,237.45,245.96,224.48,227.27,40783700,-4.6,21.47,-10.19,229.11,241.01,314.64,7.35,Tuesday,2,2015,1
2015-02-04,227.51,230.06,221.11,226.85,26594300,-0.18,8.94,-0.66,228.1,239.42,313.28,7.31,Wednesday,2,2015,1
2015-02-05,227.66,239.4,214.73,217.11,22516400,-4.29,24.68,-10.55,225.76,237.12,311.89,7.29,Thursday,2,2015,1
2015-02-06,216.92,230.51,216.23,222.27,24435300,2.37,14.28,5.34,225.17,234.71,310.52,7.28,Friday,2,2015,1
2015-02-07,222.63,230.3,222.61,227.75,21604200,2.47,7.69,5.12,226.64,232.86,309.02,7.28,Saturday,2,2015,1
2015-02-08,227.69,229.44,221.08,223.41,17145200,-1.91,8.36,-4.28,226.13,230.63,307.42,7.26,Sunday,2,2015,1
2015-02-09,223.39,223.98,217.02,220.11,27791300,-1.48,6.96,-3.28,223.54,228.8,305.78,7.21,Monday,2,2015,1
2015-02-10,220.28,221.81,215.33,219.84,21115100,-0.12,6.48,-0.44,222.48,227.28,303.52,7.19,Tuesday,2,2015,1
2015-02-11,219.73,223.41,218.07,219.18,17201900,-0.3,5.33,-0.55,221.38,225.66,301.28,7.19,Wednesday,2,2015,1
2015-02-12,219.21,222.2,217.61,221.76,15206200,1.18,4.59,2.56,222.05,225.52,299.32,6.59,Thursday,2,2015,1
2015-02-13,221.97,240.26,221.26,235.43,42744400,6.16,19.0,13.46,223.93,227.43,297.76,5.3,Friday,2,2015,1
2015-02-14,235.53,259.81,235.53,257.32,49732500,9.3,24.28,21.79,228.15,229.01,296.31,4.55,Saturday,2,2015,1
2015-02-15,257.51,265.61,227.68,234.82,56552400,-8.74,37.93,-22.68,229.78,229.9,294.61,4.86,Sunday,2,2015,1
2015-02-16,234.82,239.52,229.02,233.84,28153700,-0.42,10.5,-0.98,231.74,231.06,293.04,4.78,Monday,2,2015,1
2015-02-17,233.42,245.77,232.31,243.61,27363100,4.18,13.46,10.19,235.14,232.17,291.52,4.74,Tuesday,2,2015,1
2015-02-18,243.78,244.25,232.34,236.33,25200800,-2.99,11.91,-7.45,237.59,232.88,290.17,4.78,Wednesday,2,2015,1
2015-02-19,236.41,242.67,235.59,240.28,18270500,1.67,7.08,3.87,240.23,233.85,288.94,4.76,Thursday,2,2015,1
2015-02-20,240.25,247.1,239.3,243.78,23876700,1.45,7.8,3.53,241.43,234.41,287.73,4.59,Friday,2,2015,1
2015-02-21,243.75,255.32,243.18,244.53,12284200,0.31,12.14,0.78,239.6,234.78,286.36,4.57,Saturday,2,2015,1
2015-02-22,244.54,246.39,233.85,235.98,19527000,-3.5,12.54,-8.57,239.76,234.88,284.8,4.62,Sunday,2,2015,1
2015-02-23,235.99,240.11,232.42,238.89,16400000,1.24,7.69,2.9,240.49,234.59,283.28,4.47,Monday,2,2015,1
2015-02-24,239.0,239.9,236.4,238.74,14200400,-0.07,3.5,-0.26,239.79,234.09,281.84,4.45,Tuesday,2,2015,1
2015-02-25,238.89,239.34,235.53,237.47,11496200,-0.53,3.81,-1.42,239.95,232.89,280.37,4.19,Wednesday,2,2015,1
2015-02-26,237.34,237.71,234.26,236.43,13619400,-0.44,3.45,-0.91,239.4,231.98,278.81,4.14,Thursday,2,2015,1
2015-02-27,236.44,256.65,236.44,253.83,44013900,7.36,20.22,17.39,240.84,232.65,277.46,3.83,Friday,2,2015,1
2015-02-28,253.52,254.69,249.48,254.26,13949300,0.17,5.21,0.74,242.23,233.34,276.09,3.83,Saturday,2,2015,1
2015-03-01,254.28,261.66,245.93,260.2,25213700,2.34,15.73,5.92,245.69,234.47,274.76,3.79,Sunday,3,2015,1
2015-03-02,260.36,276.3,258.31,275.67,40465700,5.94,17.99,15.31,250.94,236.41,273.59,3.81,Monday,3,2015,1
2015-03-03,275.05,285.8,268.16,281.7,50461300,2.19,17.63,6.66,257.08,238.23,272.55,3.76,Tuesday,3,2015,1
2015-03-04,281.99,284.23,268.13,273.09,41383000,-3.06,16.1,-8.9,262.17,239.39,271.48,3.74,Wednesday,3,2015,1
2015-03-05,272.74,281.67,264.77,276.18,41302400,1.13,16.9,3.44,267.85,241.02,270.36,3.62,Thursday,3,2015,1
2015-03-06,275.6,277.61,270.02,272.72,28918900,-1.25,7.59,-2.88,270.55,242.55,269.23,3.63,Friday,3,2015,1
2015-03-07,272.29,277.85,270.13,276.26,17825900,1.3,7.72,3.97,273.69,244.52,268.13,3.51,Saturday,3,2015,1
2015-03-08,276.43,277.86,272.57,274.35,22067900,-0.69,5.29,-2.08,275.71,246.26,267.16,3.51,Sunday,3,2015,1
2015-03-09,274.81,292.7,273.89,289.61,59178200,5.56,18.81,14.79,277.7,248.32,266.46,3.6,Monday,3,2015,1
2015-03-10,289.86,300.04,289.74,291.76,67770800,0.74,10.3,1.9,279.14,250.6,265.86,3.57,Tuesday,3,2015,1
2015-03-11,291.52,297.39,290.51,296.38,33963900,1.58,6.88,4.85,282.47,253.14,265.25,3.54,Wednesday,3,2015,1
2015-03-12,296.13,297.09,292.41,294.35,32585200,-0.68,4.68,-1.77,285.06,255.63,264.61,3.54,Thursday,3,2015,1
2015-03-13,294.12,294.5,285.34,285.34,31421500,-3.06,9.16,-8.78,286.86,257.83,263.92,3.62,Friday,3,2015,1
2015-03-14,284.44,286.34,280.98,281.89,22612300,-1.21,5.37,-2.56,287.67,259.83,263.14,3.64,Saturday,3,2015,1
2015-03-15,281.42,286.53,281.0,286.39,11970100,1.6,5.53,4.97,289.39,261.53,262.49,3.5,Sunday,3,2015,1
2015-03-16,285.68,294.11,285.68,290.59,21516100,1.47,8.43,4.91,289.53,262.64,262.08,3.11,Monday,3,2015,1
2015-03-17,290.6,292.36,284.37,285.51,21497200,-1.75,7.99,-5.09,288.64,264.33,261.7,2.62,Tuesday,3,2015,1
2015-03-18,285.07,285.34,249.87,256.3,57008000,-10.23,35.47,-28.77,282.91,265.08,261.09,3.29,Wednesday,3,2015,1
2015-03-19,255.88,264.24,248.64,260.93,52732000,1.81,15.61,5.05,278.13,265.66,260.46,3.22,Thursday,3,2015,1
2015-03-20,260.96,264.85,259.16,261.75,18456700,0.31,5.69,0.79,274.76,266.51,259.7,3.16,Friday,3,2015,1
2015-03-21,261.64,262.2,255.65,260.02,17130100,-0.66,6.55,-1.62,271.64,267.16,259.02,3.16,Saturday,3,2015,1
2015-03-22,259.92,269.75,259.59,267.96,18438100,3.05,10.16,8.04,269.01,267.97,258.31,3.19,Sunday,3,2015,1
2015-03-23,267.89,277.3,261.74,266.74,22811900,-0.46,15.55,-1.15,265.6,268.71,257.56,3.19,Monday,3,2015,1
2015-03-24,266.58,267.0,244.15,245.6,40073700,-7.93,22.85,-20.98,259.9,269.03,256.71,3.47,Tuesday,3,2015,1
2015-03-25,247.47,249.19,236.51,246.2,35866900,0.25,12.68,-1.27,258.46,269.27,255.9,3.46,Wednesday,3,2015,1
2015-03-26,246.28,254.35,244.9,248.53,25730000,0.95,9.45,2.26,256.69,269.6,255.01,3.47,Thursday,3,2015,1
2015-03-27,248.57,256.81,245.21,247.03,17274900,-0.6,11.6,-1.54,254.58,269.92,254.25,3.47,Friday,3,2015,1
2015-03-28,246.98,254.21,246.98,252.8,16040900,2.34,7.23,5.82,253.55,270.46,253.53,3.49,Saturday,3,2015,1
2015-03-29,252.74,253.14,240.85,242.71,21699400,-3.99,12.29,-10.03,249.94,270.09,252.76,3.3,Sunday,3,2015,1
2015-03-30,242.88,249.24,239.21,247.53,23009600,1.98,10.03,4.65,247.2,269.87,252.05,3.32,Monday,3,2015,1
2015-03-31,247.45,248.73,242.74,244.22,22672000,-1.33,5.99,-3.23,247.0,269.34,251.21,3.3,Tuesday,3,2015,1
2015-04-01,244.22,247.54,241.16,247.27,22877200,1.25,6.38,3.05,247.16,268.39,250.47,3.11,Wednesday,4,2015,2
2015-04-02,247.09,254.46,245.42,253.01,26272600,2.32,9.04,5.92,247.8,267.43,249.78,3.11,Thursday,4,2015,2
2015-04-03,253.07,256.04,251.88,254.32,23146600,0.52,4.16,1.25,248.84,266.81,249.48,3.07,Friday,4,2015,2
2015-04-04,254.29,255.26,251.1,253.7,12493500,-0.25,4.16,-0.59,248.97,266.06,249.36,3.06,Saturday,4,2015,2
2015-04-05,253.76,260.67,251.94,260.6,19649200,2.72,8.73,6.84,251.52,265.65,249.21,3.1,Sunday,4,2015,2
2015-04-06,260.72,261.8,254.57,255.49,20034200,-1.96,7.22,-5.23,252.66,264.96,248.87,3.11,Monday,4,2015,2
2015-04-07,255.27,255.8,252.21,253.18,18467400,-0.9,3.6,-2.09,253.94,264.26,248.41,3.11,Tuesday,4,2015,2
2015-04-08,253.06,253.85,244.21,245.02,30086400,-3.22,9.63,-8.04,253.62,262.77,247.98,2.95,Wednesday,4,2015,2
2015-04-09,244.75,246.12,239.4,243.68,21643500,-0.55,6.72,-1.08,252.28,261.17,247.46,2.95,Thursday,4,2015,2
2015-04-10,243.69,243.69,232.77,236.07,28882000,-3.12,10.92,-7.62,249.68,259.16,247.03,2.95,Friday,4,2015,2
2015-04-11,236.02,239.54,234.18,236.55,16365200,0.2,5.36,0.54,247.23,257.23,246.71,2.96,Saturday,4,2015,2
2015-04-12,236.54,237.73,233.49,236.15,12387900,-0.17,4.23,-0.38,243.74,255.59,246.36,2.92,Sunday,4,2015,2
2015-04-13,235.95,236.93,222.0,224.59,31181800,-4.9,14.94,-11.36,239.32,253.68,246.35,3.03,Monday,4,2015,2
2015-04-14,224.76,224.98,216.32,219.16,31719000,-2.42,8.65,-5.6,234.46,251.44,246.8,3.01,Tuesday,4,2015,2
2015-04-15,219.07,223.83,218.65,223.83,22562000,2.13,5.18,4.76,231.43,249.21,246.96,3.03,Wednesday,4,2015,2
2015-04-16,223.92,229.67,223.92,228.57,24805400,2.12,5.75,4.66,229.28,247.32,247.18,3.07,Thursday,4,2015,2
2015-04-17,228.57,228.91,221.94,222.88,20429800,-2.49,6.96,-5.69,227.39,246.2,247.45,2.52,Friday,4,2015,2
2015-04-18,222.85,224.32,220.88,223.36,12939000,0.21,3.44,0.5,225.51,244.95,247.59,2.49,Saturday,4,2015,2
2015-04-19,223.46,226.35,222.37,222.6,15021500,-0.34,3.98,-0.86,223.57,243.65,247.68,2.48,Sunday,4,2015,2
2015-04-20,222.61,226.35,221.98,224.63,18364700,0.91,4.37,2.01,223.58,242.47,247.83,2.49,Monday,4,2015,2
2015-04-21,224.62,235.27,224.3,235.27,24978000,4.74,10.97,10.65,225.88,241.38,247.92,2.59,Tuesday,4,2015,2
2015-04-22,235.6,237.91,233.48,234.18,23847900,-0.46,4.43,-1.43,227.35,240.29,247.93,2.59,Wednesday,4,2015,2
2015-04-23,234.05,236.48,233.2,236.46,17036000,0.98,3.28,2.41,228.48,239.99,247.97,2.18,Thursday,4,2015,2
2015-04-24,235.97,236.3,229.93,231.27,21448700,-2.2,6.37,-4.7,229.68,239.49,247.78,2.21,Friday,4,2015,2
2015-04-25,231.24,232.56,226.34,226.39,13957200,-2.11,6.22,-4.85,230.11,238.75,247.48,2.23,Saturday,4,2015,2
2015-04-26,226.41,226.94,214.87,219.43,28943700,-3.07,12.07,-6.98,229.66,237.83,246.88,2.28,Sunday,4,2015,2
2015-04-27,219.43,233.3,218.02,229.29,38574000,4.49,15.28,9.86,230.33,237.05,246.5,2.4,Monday,4,2015,2
2015-04-28,228.97,229.49,223.07,225.85,21469200,-1.5,6.43,-3.11,228.98,236.48,246.41,2.31,Tuesday,4,2015,2
2015-04-29,225.59,227.04,223.43,225.81,18936500,-0.02,3.61,0.22,227.79,235.76,246.32,2.27,Wednesday,4,2015,2
2015-04-30,225.69,239.56,224.99,236.15,33818600,4.58,14.57,10.45,227.74,235.49,246.43,2.43,Thursday,4,2015,2
2015-05-01,235.94,238.97,232.08,232.08,18815300,-1.72,6.89,-3.86,227.86,234.99,246.59,2.44,Friday,5,2015,2
2015-05-02,232.34,235.73,232.34,234.93,12535500,1.23,3.39,2.59,229.08,234.38,246.68,2.4,Saturday,5,2015,2
2015-05-03,234.88,243.24,234.08,240.36,18494100,2.31,9.16,5.48,232.07,233.92,246.71,2.45,Sunday,5,2015,2
2015-05-04,240.36,242.64,237.81,239.02,21223400,-0.56,4.83,-1.34,233.46,233.43,246.84,2.45,Monday,5,2015,2
2015-05-05,238.85,239.2,232.05,236.12,23929100,-1.21,7.15,-2.73,234.92,232.61,246.94,2.39,Tuesday,5,2015,2
2015-05-06,236.25,236.45,229.23,229.78,29587200,-2.68,7.22,-6.47,235.49,231.75,247.08,2.41,Wednesday,5,2015,2
2015-05-07,229.66,239.1,228.57,237.33,29064400,3.29,10.53,7.67,235.66,231.23,247.25,2.5,Thursday,5,2015,2
2015-05-08,237.2,246.27,236.27,243.86,27445500,2.75,10.0,6.66,237.34,231.19,247.43,2.48,Friday,5,2015,2
2015-05-09,243.77,247.8,239.64,241.83,19790500,-0.83,8.16,-1.94,238.33,231.13,247.63,2.49,Saturday,5,2015,2
2015-05-10,241.73,244.07,238.85,240.3,15019100,-0.64,5.22,-1.43,238.32,231.27,247.86,2.42,Sunday,5,2015,2
2015-05-11,240.3,244.27,239.38,242.16,20892300,0.77,4.89,1.86,238.77,231.45,248.1,2.42,Monday,5,2015,2
2015-05-12,242.15,242.88,240.1,241.11,19282600,-0.43,2.78,-1.03,239.48,231.62,248.35,2.42,Tuesday,5,2015,2
2015-05-13,241.4,243.7,235.04,236.38,27180100,-1.96,8.66,-5.02,240.42,232.01,248.51,2.27,Wednesday,5,2015,2
2015-05-14,236.21,237.8,234.06,236.93,24413700,0.23,3.74,0.71,240.37,232.6,248.53,2.22,Thursday,5,2015,2
2015-05-15,236.96,238.75,236.79,237.6,16329400,0.29,1.96,0.65,239.47,233.06,248.31,2.19,Friday,5,2015,2
2015-05-16,237.64,237.7,235.29,236.15,11089700,-0.61,2.4,-1.49,238.66,233.32,248.32,2.16,Saturday,5,2015,2
2015-05-17,236.01,238.02,236.01,236.8,11134300,0.27,2.01,0.79,238.16,233.78,248.35,2.11,Sunday,5,2015,2
2015-05-18,236.89,237.21,232.46,233.13,16780300,-1.55,4.75,-3.76,236.87,234.11,248.24,2.13,Monday,5,2015,2
2015-05-19,233.04,234.15,231.82,231.95,14241900,-0.51,2.33,-1.09,235.56,234.42,248.19,2.13,Tuesday,5,2015,2
2015-05-20,231.89,234.68,231.84,234.02,15499400,0.89,2.84,2.13,235.23,234.73,248.12,2.13,Wednesday,5,2015,2
2015-05-21,234.02,236.24,233.84,235.34,15108900,0.57,2.41,1.33,235.0,234.73,248.03,1.95,Thursday,5,2015,2
2015-05-22,235.32,240.97,235.06,240.35,27003000,2.13,5.91,5.03,235.39,234.94,247.98,1.99,Friday,5,2015,2
2015-05-23,240.29,241.02,238.69,238.87,14605000,-0.61,2.33,-1.41,235.78,235.02,248.01,1.98,Saturday,5,2015,2
2015-05-24,238.98,241.98,238.81,240.95,11508000,0.87,3.17,1.98,236.37,235.34,248.03,1.94,Sunday,5,2015,2
2015-05-25,240.93,241.02,236.64,237.11,14423900,-1.59,4.38,-3.82,236.94,235.7,248.02,1.92,Monday,5,2015,2
2015-05-26,237.1,238.24,235.69,237.12,16425000,0.0,2.55,0.01,237.68,236.29,248.01,1.82,Tuesday,5,2015,2
2015-05-27,237.07,238.64,236.7,237.28,18837000,0.07,1.94,0.22,238.15,236.56,248.02,1.64,Wednesday,5,2015,2
2015-05-28,237.26,237.82,236.65,237.41,13829600,0.05,1.17,0.15,238.44,236.94,247.84,1.61,Thursday,5,2015,2
2015-05-29,237.38,237.52,235.73,237.1,14805000,-0.13,1.79,-0.28,237.98,237.32,247.65,1.61,Friday,5,2015,2
2015-05-30,237.09,237.09,232.05,233.35,14098600,-1.58,5.05,-3.75,237.19,237.22,247.35,1.41,Saturday,5,2015,2
2015-05-31,233.13,233.25,229.54,230.19,14730800,-1.35,3.71,-2.94,235.65,237.16,246.85,1.4,Sunday,5,2015,2
2015-06-01,230.23,231.71,221.3,222.93,26090500,-3.16,10.42,-7.31,233.62,236.76,246.19,1.49,Monday,6,2015,2
2015-06-02,222.89,226.42,222.42,225.8,20459000,1.29,4.0,2.91,232.01,236.28,245.67,1.44,Tuesday,6,2015,2
2015-06-03,225.74,227.4,223.93,225.87,17752400,0.03,3.47,0.14,230.38,235.84,245.11,1.44,Wednesday,6,2015,2
2015-06-04,225.77,226.58,224.05,224.32,14728100,-0.69,2.53,-1.45,228.51,235.44,244.57,1.43,Thursday,6,2015,2
2015-06-05,224.15,225.97,223.18,224.95,18056500,0.28,2.79,0.8,226.77,235.28,244.0,1.35,Friday,6,2015,2
2015-06-06,225.01,225.72,224.38,225.62,11131500,0.3,1.34,0.61,225.67,234.89,243.46,1.2,Saturday,6,2015,2
2015-06-07,225.6,226.19,222.65,222.88,13318400,-1.21,3.54,-2.71,224.63,234.19,242.72,1.08,Sunday,6,2015,2
2015-06-08,222.88,229.46,222.84,228.49,23378400,2.52,6.62,5.61,225.42,233.75,242.01,1.19,Monday,6,2015,2
2015-06-09,228.54,230.95,227.93,229.05,28353100,0.24,3.02,0.51,225.88,233.37,241.27,1.19,Tuesday,6,2015,2
2015-06-10,228.99,229.78,228.01,228.8,15904800,-0.11,1.77,-0.19,226.3,232.93,240.54,1.18,Wednesday,6,2015,2
2015-06-11,228.85,230.29,228.77,229.71,14416000,0.39,1.52,0.85,227.07,232.55,239.92,1.18,Thursday,6,2015,2
2015-06-12,229.71,231.06,229.31,229.98,14017700,0.12,1.74,0.28,227.79,232.34,239.34,1.13,Friday,6,2015,2
2015-06-13,229.92,232.65,229.21,232.4,13305300,1.05,3.44,2.48,228.76,232.18,238.74,1.15,Saturday,6,2015,2
2015-06-14,232.44,234.86,232.0,233.54,12165900,0.49,2.85,1.1,230.28,232.05,238.11,1.15,Sunday,6,2015,2
2015-06-15,233.42,237.84,233.42,236.82,19912100,1.4,4.41,3.4,231.47,232.07,237.57,1.17,Monday,6,2015,2
2015-06-16,236.76,251.74,236.12,250.9,41612000,5.94,15.62,14.13,234.59,232.54,237.51,1.6,Tuesday,6,2015,2
2015-06-17,250.82,256.85,246.48,249.28,43858400,-0.64,10.38,-1.54,237.52,233.08,237.38,1.57,Wednesday,6,2015,2
2015-06-18,249.43,252.11,244.13,249.01,30980200,-0.11,7.98,-0.42,240.28,233.65,237.24,1.57,Thursday,6,2015,2
2015-06-19,249.04,250.98,243.79,244.61,23965300,-1.77,7.19,-4.44,242.37,234.0,237.07,1.6,Friday,6,2015,2
2015-06-20,244.53,245.83,240.63,245.21,20608100,0.25,5.2,0.68,244.2,234.33,236.81,1.6,Saturday,6,2015,2
2015-06-21,245.1,245.22,241.88,243.94,10600900,-0.52,3.34,-1.16,245.68,234.45,236.56,1.56,Sunday,6,2015,2
2015-06-22,243.97,247.92,243.78,246.99,17692500,1.25,4.14,3.02,247.13,234.72,236.58,1.57,Monday,6,2015,2
2015-06-23,246.93,247.3,243.13,244.3,15108700,-1.09,4.17,-2.63,246.19,234.83,236.55,1.58,Tuesday,6,2015,2
2015-06-24,244.28,244.34,240.51,240.51,17344900,-1.55,3.83,-3.77,244.94,234.95,236.47,1.58,Wednesday,6,2015,2
2015-06-25,240.37,243.33,240.37,242.8,16133100,0.95,2.97,2.43,244.05,235.13,236.42,1.59,Thursday,6,2015,2
2015-06-26,242.6,243.75,241.55,243.59,13983500,0.33,2.2,0.99,243.91,235.35,236.32,1.59,Friday,6,2015,2
2015-06-27,243.55,251.34,243.12,250.99,20488600,3.04,8.22,7.44,244.73,235.8,236.41,1.67,Saturday,6,2015,2
2015-06-28,250.96,251.17,247.43,249.01,15137600,-0.79,3.74,-1.94,245.46,236.2,236.42,1.68,Sunday,6,2015,2
2015-06-29,248.72,257.17,248.58,257.06,34742900,3.23,8.59,8.34,246.9,236.99,236.57,1.74,Monday,6,2015,2
2015-06-30,257.04,267.87,255.95,263.07,44533800,2.34,11.92,6.04,249.58,238.08,236.74,1.75,Tuesday,6,2015,2
2015-07-01,263.35,265.17,255.77,258.62,27029800,-1.69,9.4,-4.72,252.16,239.27,236.81,1.66,Wednesday,7,2015,3
2015-07-02,258.55,261.63,254.12,255.41,21551900,-1.24,7.52,-3.14,253.97,240.26,236.82,1.68,Thursday,7,2015,3
2015-07-03,255.46,257.08,253.51,256.34,19033800,0.36,3.57,0.88,255.79,241.27,236.85,1.68,Friday,7,2015,3
2015-07-04,256.49,261.46,254.2,260.89,15620400,1.78,7.26,4.39,257.2,242.49,236.85,1.68,Saturday,7,2015,3
2015-07-05,260.8,274.51,258.7,271.91,44156100,4.23,15.81,11.11,260.47,244.06,237.03,1.81,Sunday,7,2015,3
2015-07-06,271.11,277.42,267.6,269.03,49154800,-1.06,9.82,-2.08,262.18,245.51,237.21,1.84,Monday,7,2015,3
2015-07-07,269.96,271.34,264.83,266.21,28857600,-1.05,6.51,-3.76,262.63,246.95,237.44,1.83,Tuesday,7,2015,3
2015-07-08,265.98,272.97,264.39,270.79,36980200,1.72,8.59,4.8,264.37,248.36,237.74,1.81,Wednesday,7,2015,3
2015-07-09,270.83,272.33,267.09,269.23,40301200,-0.57,5.25,-1.6,266.34,249.7,238.11,1.82,Thursday,7,2015,3
2015-07-10,269.16,294.59,268.8,284.89,100390000,5.82,25.79,15.74,270.42,251.57,238.65,2.06,Friday,7,2015,3
2015-07-11,284.88,298.51,283.53,293.11,41109900,2.89,14.98,8.23,275.02,253.68,239.28,2.09,Saturday,7,2015,3
2015-07-12,293.14,314.39,292.51,310.87,56405000,6.06,21.89,17.73,280.59,256.38,240.24,2.29,Sunday,7,2015,3
2015-07-13,310.83,310.95,281.01,292.05,62053900,-6.05,29.94,-18.77,283.88,258.37,241.05,2.63,Monday,7,2015,3
2015-07-14,292.03,296.15,286.64,287.46,28727200,-1.57,9.51,-4.57,286.92,260.16,241.76,2.67,Tuesday,7,2015,3
2015-07-15,288.05,293.25,285.37,285.83,27486600,-0.57,7.88,-2.22,289.06,261.8,242.4,2.67,Wednesday,7,2015,3
2015-07-16,286.04,291.18,275.24,278.09,49482600,-2.71,15.94,-7.95,290.33,262.7,243.01,2.55,Thursday,7,2015,3
2015-07-17,278.09,280.28,272.04,279.47,27591400,0.5,8.24,1.38,289.56,263.71,243.63,2.54,Friday,7,2015,3
2015-07-18,279.33,282.53,274.08,274.9,25187100,-1.64,8.45,-4.43,286.95,264.57,244.21,2.57,Saturday,7,2015,3
2015-07-19,274.77,275.67,272.51,273.61,15332500,-0.47,3.16,-1.15,281.63,265.54,244.76,2.54,Sunday,7,2015,3
2015-07-20,273.5,278.98,272.96,278.98,22711400,1.96,6.02,5.48,279.76,266.67,245.24,2.56,Monday,7,2015,3
2015-07-21,278.88,280.55,275.42,275.83,22930700,-1.13,5.13,-3.05,278.1,267.73,245.71,2.57,Tuesday,7,2015,3
2015-07-22,275.66,277.67,274.38,277.22,19389800,0.5,3.28,1.56,276.87,268.74,246.16,2.56,Wednesday,7,2015,3
2015-07-23,277.34,278.11,275.72,276.05,18531300,-0.42,2.39,-1.29,276.58,269.79,246.66,2.55,Thursday,7,2015,3
2015-07-24,276.01,289.25,275.25,288.28,37199400,4.43,14.0,12.27,277.84,271.39,247.34,2.62,Friday,7,2015,3
2015-07-25,288.16,290.73,286.0,288.7,20662200,0.15,4.73,0.53,279.81,272.92,248.11,2.62,Saturday,7,2015,3
2015-07-26,288.64,293.05,287.71,292.69,16032300,1.38,5.35,4.05,282.54,274.55,248.82,2.63,Sunday,7,2015,3
2015-07-27,292.64,297.77,287.45,293.62,30592000,0.32,10.32,0.98,284.63,275.97,249.57,2.59,Monday,7,2015,3
2015-07-28,293.63,296.65,293.42,294.43,25453600,0.27,3.23,0.79,287.28,277.49,250.33,2.58,Tuesday,7,2015,3
2015-07-29,294.48,294.54,288.78,289.59,24672600,-1.64,5.76,-4.89,289.05,278.57,250.93,2.56,Wednesday,7,2015,3
2015-07-30,289.1,290.13,286.57,287.72,21635800,-0.65,3.56,-1.38,290.72,279.39,251.55,2.54,Thursday,7,2015,3
2015-07-31,287.7,288.96,282.34,284.65,23629100,-1.07,6.62,-3.05,290.2,280.26,252.1,2.52,Friday,7,2015,3
2015-08-01,284.69,284.93,278.11,281.6,18995000,-1.07,6.82,-3.08,289.19,281.13,252.56,2.52,Saturday,8,2015,3
2015-08-02,280.45,283.03,277.53,282.61,17722200,0.36,5.5,2.17,287.75,282.01,253.04,2.52,Sunday,8,2015,3
2015-08-03,282.81,285.47,280.23,281.23,21474100,-0.49,5.24,-1.58,285.98,282.69,253.54,2.51,Monday,8,2015,3
2015-08-04,281.23,285.71,281.23,285.22,21908700,1.42,4.49,3.99,284.66,283.13,254.16,2.41,Tuesday,8,2015,3
2015-08-05,284.85,285.5,281.49,281.88,20128000,-1.17,4.01,-2.96,283.56,283.56,254.65,2.41,Wednesday,8,2015,3
2015-08-06,281.91,281.91,278.4,278.58,18792100,-1.17,3.5,-3.33,282.25,283.97,255.04,2.41,Thursday,8,2015,3
2015-08-07,278.74,280.39,276.37,279.58,42484800,0.36,4.03,0.84,281.53,284.27,255.46,2.4,Friday,8,2015,3
2015-08-08,279.74,279.93,260.71,261.0,58533000,-6.65,19.22,-18.74,278.59,283.99,255.69,2.7,Saturday,8,2015,3
2015-08-09,261.12,267.0,260.47,265.08,23789600,1.57,6.54,3.97,276.08,283.33,255.94,2.48,Sunday,8,2015,3
2015-08-10,265.48,267.03,262.6,264.47,20979400,-0.23,4.44,-1.01,273.69,282.38,256.2,2.41,Monday,8,2015,3
2015-08-11,264.34,270.39,264.09,270.39,25433900,2.24,6.29,6.04,271.57,281.03,256.58,2.15,Tuesday,8,2015,3
2015-08-12,270.6,270.67,265.47,266.38,26815400,-1.48,5.2,-4.22,269.35,280.17,256.91,1.88,Wednesday,8,2015,3
2015-08-13,266.18,266.23,262.84,264.08,27685500,-0.86,3.39,-2.1,267.28,279.39,257.2,1.87,Thursday,8,2015,3
2015-08-14,264.13,267.47,261.48,265.68,27091200,0.61,5.99,1.55,265.3,278.72,257.53,1.87,Friday,8,2015,3
2015-08-15,265.53,266.67,261.3,261.55,19321100,-1.55,5.37,-3.98,265.38,278.17,257.8,1.83,Saturday,8,2015,3
2015-08-16,261.87,262.44,257.04,258.51,29717000,-1.16,5.4,-3.36,264.44,277.47,258.09,1.84,Sunday,8,2015,3
2015-08-17,258.49,260.51,257.12,257.98,21617900,-0.21,3.39,-0.51,263.51,276.91,258.38,1.82,Monday,8,2015,3
2015-08-18,257.93,257.99,211.08,211.08,42147200,-18.18,46.91,-46.85,255.04,274.82,258.12,3.75,Tuesday,8,2015,3
2015-08-19,225.67,237.41,222.77,226.68,60869200,7.39,14.64,1.01,249.37,273.08,258.02,4.01,Wednesday,8,2015,3
2015-08-20,226.9,237.37,226.9,235.35,32275000,3.82,10.47,8.45,245.26,271.73,257.97,4.09,Thursday,8,2015,3
2015-08-21,235.35,236.43,231.72,232.57,23173800,-1.18,4.71,-2.79,240.53,270.24,257.9,4.09,Friday,8,2015,3
2015-08-22,232.66,234.96,222.7,230.39,23205900,-0.94,12.25,-2.27,236.08,268.72,257.78,4.09,Saturday,8,2015,3
2015-08-23,230.38,232.71,225.58,228.17,18406600,-0.96,7.12,-2.21,231.75,266.71,257.68,3.98,Sunday,8,2015,3
2015-08-24,228.11,228.14,210.44,210.49,59220700,-7.75,17.7,-17.62,224.96,264.11,257.39,4.18,Monday,8,2015,3
2015-08-25,210.07,226.32,199.57,221.61,61089200,5.28,26.75,11.54,226.47,261.74,257.21,4.32,Tuesday,8,2015,3
2015-08-26,222.08,231.18,220.2,225.83,31808000,1.91,10.98,3.75,226.34,259.48,257.08,4.34,Wednesday,8,2015,3
2015-08-27,226.05,228.64,223.68,224.77,21905400,-0.47,4.96,-1.28,224.83,257.16,256.95,4.34,Thursday,8,2015,3
2015-08-28,224.7,235.22,220.93,231.4,31336600,2.95,14.29,6.69,224.67,255.22,256.93,4.39,Friday,8,2015,3
2015-08-29,231.55,233.22,227.33,229.78,17142500,-0.7,5.89,-1.77,224.58,253.29,256.92,4.39,Saturday,8,2015,3
2015-08-30,229.9,232.07,226.25,228.76,19412600,-0.44,5.82,-1.13,224.66,251.42,256.99,4.38,Sunday,8,2015,3
2015-08-31,229.11,231.96,225.91,230.06,20710700,0.57,6.04,0.94,227.46,249.7,257.03,4.39,Monday,8,2015,3
2015-09-01,230.26,231.22,226.86,228.12,20575200,-0.84,4.36,-2.13,228.39,247.89,257.06,4.39,Tuesday,9,2015,3
2015-09-02,228.03,230.58,226.48,229.28,18760400,0.51,4.1,1.26,228.88,246.16,257.11,4.39,Wednesday,9,2015,3
2015-09-03,229.32,229.6,226.67,227.18,17482000,-0.92,2.94,-2.14,229.23,244.22,257.14,4.37,Thursday,9,2015,3
2015-09-04,227.21,230.9,227.05,230.3,20962400,1.37,3.85,3.08,229.07,242.5,257.19,4.39,Friday,9,2015,3
2015-09-05,230.2,236.14,229.44,235.02,20671400,2.05,6.7,4.82,229.82,241.05,257.32,4.41,Saturday,9,2015,3
2015-09-06,234.87,242.91,234.68,239.84,25473700,2.05,8.23,4.97,231.4,239.73,257.45,4.43,Sunday,9,2015,3
2015-09-07,239.93,242.11,238.72,239.85,21192200,0.0,3.38,-0.09,232.8,239.02,257.57,4.28,Monday,9,2015,3
2015-09-08,239.85,245.78,239.68,243.61,26879200,1.57,6.1,3.76,235.01,238.31,257.74,4.28,Tuesday,9,2015,3
2015-09-09,243.41,244.42,237.82,238.17,23635700,-2.23,6.6,-5.25,236.28,237.43,257.83,4.29,Wednesday,9,2015,3
2015-09-10,238.34,241.29,235.79,238.48,21215500,0.13,5.5,0.14,237.89,236.37,257.92,4.27,Thursday,9,2015,3
2015-09-11,238.33,241.17,238.33,240.11,19224700,0.68,2.84,1.78,239.29,235.49,258.01,4.26,Friday,9,2015,3
2015-09-12,239.85,240.12,234.75,235.23,17962600,-2.03,5.37,-4.63,239.32,234.53,258.03,4.28,Saturday,9,2015,3
2015-09-13,235.24,235.93,229.33,230.51,18478800,-2.01,6.6,-4.73,237.99,233.36,257.96,4.28,Sunday,9,2015,3
2015-09-14,230.61,232.44,227.96,230.64,20997800,0.06,4.48,0.04,236.68,232.33,257.73,4.28,Monday,9,2015,3
2015-09-15,230.49,259.18,229.82,230.3,19177800,-0.15,29.36,-0.19,234.78,231.39,257.52,4.28,Tuesday,9,2015,3
2015-09-16,230.25,231.21,227.4,229.09,20144200,-0.53,3.81,-1.16,233.48,230.42,257.3,4.28,Wednesday,9,2015,3
2015-09-17,229.08,230.29,228.93,229.81,18935400,0.31,1.36,0.73,232.24,231.05,257.14,2.62,Thursday,9,2015,3
2015-09-18,233.52,234.35,232.18,232.98,20242200,1.38,2.17,-0.55,231.22,231.26,257.0,2.27,Friday,9,2015,3
2015-09-19,232.86,233.21,231.09,231.49,12712600,-0.64,2.12,-1.37,230.69,231.13,256.86,2.16,Saturday,9,2015,3
2015-09-20,231.4,232.37,230.91,231.21,14444700,-0.12,1.46,-0.19,230.79,231.08,256.69,2.15,Sunday,9,2015,3
2015-09-21,231.22,231.22,226.52,227.09,19678800,-1.78,4.7,-4.13,230.28,230.97,256.5,2.17,Monday,9,2015,3
2015-09-22,226.97,232.39,225.12,230.62,25009300,1.56,7.27,3.65,230.33,231.05,256.39,2.18,Tuesday,9,2015,3
2015-09-23,230.94,231.84,229.59,230.28,17254100,-0.15,2.24,-0.65,230.5,231.71,256.25,1.61,Wednesday,9,2015,3
2015-09-24,230.36,235.65,230.29,234.53,25097800,1.84,5.35,4.17,231.17,232.14,256.15,1.34,Thursday,9,2015,3
2015-09-25,234.36,237.43,233.68,235.14,22363600,0.26,3.74,0.78,231.48,232.45,255.97,1.3,Friday,9,2015,3
2015-09-26,235.08,235.4,233.36,234.34,13724100,-0.34,2.04,-0.74,231.89,232.77,255.81,1.3,Saturday,9,2015,3
2015-09-27,234.14,234.53,232.48,232.76,14179900,-0.68,2.05,-1.38,232.11,232.82,255.54,1.2,Sunday,9,2015,3
2015-09-28,232.84,239.34,232.47,239.14,24713000,2.74,6.87,6.31,233.83,233.13,255.27,1.29,Monday,9,2015,3
2015-09-29,239.02,239.8,235.93,236.69,22691300,-1.03,3.87,-2.33,234.7,233.4,255.03,1.3,Tuesday,9,2015,3
2015-09-30,236.64,237.73,235.63,236.06,19743500,-0.26,2.1,-0.58,235.52,233.6,254.81,1.3,Wednesday,9,2015,3
2015-10-01,236.0,238.45,235.62,237.55,20488800,0.63,2.83,1.54,235.95,233.91,254.6,1.29,Thursday,10,2015,4
2015-10-02,237.26,238.54,236.6,237.29,19677900,-0.11,1.94,0.03,236.26,234.18,254.34,1.29,Friday,10,2015,4
2015-10-03,237.2,239.32,236.94,238.73,16482700,0.61,2.37,1.53,236.89,234.56,253.97,1.28,Saturday,10,2015,4
2015-10-04,238.53,238.97,237.94,238.26,12999000,-0.2,1.03,-0.27,237.67,234.83,253.63,1.26,Sunday,10,2015,4
2015-10-05,238.15,240.38,237.04,240.38,23335900,0.89,3.35,2.24,237.85,235.01,253.34,1.21,Monday,10,2015,4
2015-10-06,240.36,246.93,240.14,246.06,27535100,2.36,6.8,5.7,239.19,235.21,253.07,1.23,Tuesday,10,2015,4
2015-10-07,246.17,246.68,242.59,242.97,22999200,-1.26,4.1,-3.2,240.18,235.32,252.78,1.26,Wednesday,10,2015,4
2015-10-08,243.07,244.25,242.18,242.3,18515300,-0.27,2.07,-0.77,240.86,235.27,252.3,1.22,Thursday,10,2015,4
2015-10-09,242.5,244.23,242.12,243.93,17353100,0.67,2.11,1.43,241.81,235.47,251.76,1.16,Friday,10,2015,4
2015-10-10,243.74,245.32,243.07,244.94,15912700,0.41,2.24,1.2,242.69,235.68,251.02,1.16,Saturday,10,2015,4
2015-10-11,244.74,247.24,244.15,247.05,16827300,0.86,3.09,2.31,243.95,235.91,250.52,1.16,Sunday,10,2015,4
2015-10-12,246.88,247.45,245.18,245.31,17388300,-0.71,2.27,-1.57,244.65,236.25,250.06,1.1,Monday,10,2015,4
2015-10-13,245.2,250.24,243.76,249.51,28198500,1.71,6.48,4.31,245.14,236.88,249.65,1.06,Tuesday,10,2015,4
2015-10-14,249.49,254.27,248.9,251.99,27462600,0.99,5.37,2.5,246.43,237.59,249.36,1.07,Wednesday,10,2015,4
2015-10-15,252.11,255.96,252.05,254.32,25223500,0.93,3.92,2.21,248.15,238.39,249.08,1.07,Thursday,10,2015,4
2015-10-16,254.3,266.14,253.93,262.87,35901500,3.36,12.21,8.57,250.85,239.52,248.95,1.19,Friday,10,2015,4
2015-10-17,262.75,273.58,262.37,270.64,43199600,2.96,11.21,7.89,254.53,240.88,248.92,1.27,Saturday,10,2015,4
2015-10-18,270.91,271.67,260.78,261.64,22434300,-3.32,10.89,-9.26,256.61,241.84,248.72,1.45,Sunday,10,2015,4
2015-10-19,261.86,264.82,260.95,263.44,25258800,0.69,3.87,1.58,259.2,242.9,248.59,1.43,Monday,10,2015,4
2015-10-20,263.57,270.83,263.23,269.46,30889800,2.29,7.61,5.89,262.05,244.18,248.5,1.47,Tuesday,10,2015,4
2015-10-21,269.31,270.77,263.84,266.27,25637300,-1.18,6.93,-3.03,264.09,245.48,248.39,1.44,Wednesday,10,2015,4
2015-10-22,266.5,276.51,266.14,274.02,37808600,2.91,10.38,7.53,266.91,246.93,248.23,1.49,Thursday,10,2015,4
2015-10-23,273.65,278.68,273.54,276.5,29442500,0.9,5.14,2.85,268.85,248.47,248.1,1.49,Friday,10,2015,4
2015-10-24,276.5,281.71,276.5,281.65,25942400,1.87,5.2,5.15,270.43,250.04,247.97,1.49,Saturday,10,2015,4
2015-10-25,281.45,294.06,281.45,283.68,45717100,0.72,12.61,2.23,273.58,251.66,247.86,1.49,Sunday,10,2015,4
2015-10-26,283.63,285.3,280.51,285.3,32108800,0.57,4.79,1.67,276.7,253.36,247.76,1.47,Monday,10,2015,4
2015-10-27,285.18,296.21,285.01,293.79,46331800,2.98,11.2,8.61,280.17,255.39,247.81,1.51,Tuesday,10,2015,4
2015-10-28,293.7,306.33,293.7,304.62,50808100,3.69,12.63,10.92,285.65,257.57,248.0,1.56,Wednesday,10,2015,4
2015-10-29,304.32,318.17,301.82,313.86,64495900,3.03,16.35,9.53,291.34,260.15,248.32,1.57,Thursday,10,2015,4
2015-10-30,313.94,334.17,313.94,328.02,78305000,4.51,20.23,14.07,298.7,263.21,248.84,1.68,Friday,10,2015,4
2015-10-31,328.51,332.78,309.25,314.17,48598100,-4.22,23.53,-14.35,303.35,265.77,249.19,1.94,Saturday,10,2015,4
2015-11-01,315.01,327.47,311.88,325.43,37001100,3.59,15.59,10.43,309.31,268.7,249.68,1.99,Sunday,11,2015,4
2015-11-02,325.94,365.36,323.21,361.19,101918000,10.99,42.15,35.25,320.15,272.79,250.52,2.69,Monday,11,2015,4
2015-11-03,361.87,417.9,357.65,403.42,206162000,11.69,60.25,41.54,335.81,278.29,251.87,3.25,Tuesday,11,2015,4
2015-11-04,403.66,495.56,380.55,411.56,263900000,2.02,115.01,7.9,351.09,284.0,253.35,3.25,Wednesday,11,2015,4
2015-11-05,408.08,447.56,374.58,386.35,151824992,-6.13,72.98,-21.72,361.45,288.67,254.54,3.56,Thursday,11,2015,4
2015-11-06,388.05,395.84,354.02,374.47,122687000,-3.08,41.81,-13.58,368.08,293.06,255.8,3.62,Friday,11,2015,4
2015-11-07,374.27,390.59,372.43,386.48,56625100,3.21,18.15,12.21,378.42,297.86,257.15,3.62,Saturday,11,2015,4
2015-11-08,384.28,389.89,368.7,373.37,51817600,-3.39,21.19,-10.91,385.26,302.18,258.36,3.73,Sunday,11,2015,4
2015-11-09,374.32,385.28,362.89,380.26,68224400,1.85,22.38,5.93,387.99,306.69,259.58,3.73,Monday,11,2015,4
2015-11-10,379.98,381.39,329.11,336.82,95797904,-11.42,52.28,-43.17,378.47,309.68,260.36,4.42,Tuesday,11,2015,4
2015-11-11,339.82,340.58,301.0,311.08,107070000,-7.64,39.59,-28.74,364.12,311.87,260.88,4.69,Wednesday,11,2015,4
2015-11-12,314.08,345.08,313.36,338.15,78477800,8.7,31.73,24.07,357.23,314.83,261.69,4.9,Thursday,11,2015,4
2015-11-13,338.5,340.91,326.08,336.75,52003000,-0.41,14.84,-1.74,351.85,317.65,262.52,4.91,Friday,11,2015,4
2015-11-14,336.62,338.18,329.97,332.91,38612000,-1.14,8.21,-3.72,344.19,320.27,263.35,4.92,Saturday,11,2015,4
2015-11-15,333.05,334.66,317.49,320.17,44213100,-3.83,17.17,-12.89,336.59,322.18,264.04,4.98,Sunday,11,2015,4
2015-11-16,319.73,331.63,315.9,330.75,47980100,3.31,15.72,11.02,329.52,324.19,265.37,4.99,Monday,11,2015,4
2015-11-17,330.36,338.35,329.61,335.09,51001600,1.31,8.74,4.73,329.27,326.63,266.58,4.93,Tuesday,11,2015,4
2015-11-18,334.59,336.53,330.64,334.59,43783800,-0.15,5.89,-0.0,332.63,329.01,267.68,4.93,Wednesday,11,2015,4
2015-11-19,334.68,335.33,325.27,326.15,45011100,-2.52,10.06,-8.53,330.92,330.9,268.72,4.96,Thursday,11,2015,4
2015-11-20,326.41,326.47,312.22,322.02,53152900,-1.27,14.26,-4.39,328.81,332.75,269.74,4.96,Friday,11,2015,4
2015-11-21,322.09,328.16,319.6,326.93,28200500,1.52,8.56,4.83,327.96,334.52,270.83,4.95,Saturday,11,2015,4
2015-11-22,326.98,327.01,321.26,324.54,23439400,-0.73,5.75,-2.44,328.58,336.12,272.1,4.96,Sunday,11,2015,4
2015-11-23,324.35,325.12,321.29,323.05,27478900,-0.46,3.83,-1.3,327.48,337.5,273.23,4.95,Monday,11,2015,4
2015-11-24,323.01,323.06,318.12,320.05,29362600,-0.93,4.94,-2.97,325.33,338.71,274.27,4.96,Tuesday,11,2015,4
2015-11-25,320.05,329.13,316.77,328.21,41666900,2.55,12.36,8.16,324.42,340.14,275.42,4.98,Wednesday,11,2015,4
2015-11-26,328.3,366.76,328.23,352.68,106105000,7.46,38.53,24.38,328.21,342.1,276.77,5.11,Thursday,11,2015,4
2015-11-27,351.86,363.59,347.87,358.04,55179100,1.52,15.72,6.18,333.36,343.88,278.2,5.09,Friday,11,2015,4
2015-11-28,357.14,359.54,352.17,357.38,36816600,-0.18,7.36,0.24,337.71,345.34,279.63,5.07,Saturday,11,2015,4
2015-11-29,357.47,371.94,355.67,371.29,40409300,3.89,16.27,13.82,344.39,346.78,281.2,5.05,Sunday,11,2015,4
2015-11-30,371.44,382.36,370.38,377.32,71701600,1.62,11.98,5.88,352.14,348.88,282.85,4.98,Monday,11,2015,4
2015-12-01,377.41,378.93,356.56,362.49,60452200,-3.93,22.37,-14.93,358.2,350.12,284.33,5.02,Tuesday,12,2015,4
2015-12-02,361.85,362.23,349.46,359.19,54160500,-0.91,12.77,-2.66,362.63,350.05,285.8,4.61,Wednesday,12,2015,4
2015-12-03,359.33,370.27,357.41,361.05,50714900,0.52,12.86,1.71,363.82,348.64,287.25,4.06,Thursday,12,2015,4
2015-12-04,361.26,363.52,355.76,363.18,35784100,0.59,7.76,1.92,364.56,347.03,288.68,4.04,Friday,12,2015,4
2015-12-05,363.72,389.79,363.23,388.95,66282200,7.09,26.56,25.23,369.07,347.11,290.33,4.11,Saturday,12,2015,4
2015-12-06,389.55,402.81,387.09,388.78,77762000,-0.04,15.72,-0.77,371.57,347.59,291.99,4.06,Sunday,12,2015,4
2015-12-07,389.98,399.97,385.41,395.54,63455800,1.74,14.56,5.56,374.17,347.89,293.68,4.03,Monday,12,2015,4
2015-12-08,395.75,415.56,389.95,415.56,57801400,5.06,25.61,19.81,381.75,349.3,295.65,4.07,Tuesday,12,2015,4
2015-12-09,414.44,423.12,406.29,417.56,90917200,0.48,16.83,3.12,390.09,350.54,297.64,4.06,Wednesday,12,2015,4
2015-12-10,417.99,419.51,411.55,415.48,52138900,-0.5,7.96,-2.51,397.87,353.16,299.59,3.4,Thursday,12,2015,4
2015-12-11,415.28,451.94,415.28,451.94,110944000,8.78,36.66,36.66,410.54,357.86,301.99,3.33,Friday,12,2015,4
2015-12-12,452.33,469.1,410.74,435.0,131969000,-3.75,58.36,-17.34,417.12,361.09,304.27,3.14,Saturday,12,2015,4
2015-12-13,431.66,441.68,426.27,433.76,55050600,-0.29,15.41,2.1,423.55,364.32,306.52,3.14,Sunday,12,2015,4
2015-12-14,433.27,447.14,430.46,444.18,130496000,2.4,16.69,10.91,430.5,368.03,308.9,3.13,Monday,12,2015,4
2015-12-15,443.88,465.32,443.88,465.32,83121104,4.76,21.44,21.44,437.61,372.87,311.52,3.06,Tuesday,12,2015,4
2015-12-16,465.21,465.21,443.85,454.93,107944000,-2.23,21.36,-10.27,442.94,377.01,314.02,3.11,Wednesday,12,2015,4
2015-12-17,454.78,457.86,448.86,456.08,47978400,0.25,9.0,1.3,448.74,381.04,316.5,3.11,Thursday,12,2015,4
2015-12-18,455.85,465.18,454.94,463.62,60220100,1.65,10.24,7.77,450.41,385.34,319.08,3.1,Friday,12,2015,4
2015-12-19,463.55,465.58,456.77,462.32,47892700,-0.28,8.82,-1.23,454.32,389.88,321.65,3.04,Saturday,12,2015,4
2015-12-20,462.23,462.64,434.34,442.68,75409400,-4.25,28.31,-19.55,455.59,393.9,324.05,3.17,Sunday,12,2015,4
2015-12-21,442.84,444.73,427.31,438.64,77639696,-0.91,17.42,-4.2,454.8,397.63,326.36,3.19,Monday,12,2015,4
2015-12-22,437.44,443.69,435.52,436.57,50840400,-0.47,8.17,-0.86,450.69,401.36,328.65,3.18,Tuesday,12,2015,4
2015-12-23,436.72,444.53,436.62,442.4,47161400,1.34,7.91,5.68,448.9,405.34,330.96,3.17,Wednesday,12,2015,4
2015-12-24,443.09,458.46,443.08,454.98,57157200,2.84,15.38,11.89,448.75,409.84,333.4,3.16,Thursday,12,2015,4
2015-12-25,454.86,458.3,452.08,455.65,39078500,0.15,6.23,0.8,447.61,414.09,335.86,3.16,Friday,12,2015,4
2015-12-26,455.76,457.49,405.76,417.27,116166000,-8.42,51.73,-38.48,441.17,416.24,337.91,3.39,Saturday,12,2015,4
2015-12-27,416.51,424.01,408.88,422.82,53591200,1.33,15.12,6.31,438.34,418.4,339.95,3.38,Sunday,12,2015,4
2015-12-28,423.34,429.77,418.48,422.28,49638600,-0.13,11.29,-1.06,436.0,420.56,342.01,3.38,Monday,12,2015,4
2015-12-29,422.1,432.98,420.63,432.98,51596500,2.53,12.36,10.89,435.49,422.62,344.2,3.35,Tuesday,12,2015,4
2015-12-30,433.3,434.39,422.08,426.62,46889400,-1.47,12.3,-6.68,433.23,424.26,346.3,3.36,Wednesday,12,2015,4
2015-12-31,425.88,432.92,418.73,430.57,45996600,0.93,14.19,4.69,429.74,426.53,348.45,3.26,Thursday,12,2015,4
2016-01-01,430.72,436.25,427.52,434.33,36278900,0.87,8.73,3.61,426.7,429.04,350.62,3.24,Friday,1,2016,1
2016-01-02,434.62,436.06,431.87,433.44,30096600,-0.21,4.19,-1.18,429.01,431.45,352.79,3.25,Saturday,1,2016,1
2016-01-03,433.58,433.74,424.71,430.01,39633800,-0.79,9.04,-3.57,430.03,433.68,354.9,3.26,Sunday,1,2016,1
2016-01-04,430.06,434.52,429.08,433.09,38477500,0.72,5.43,3.03,431.58,435.15,356.98,3.02,Monday,1,2016,1
2016-01-05,433.07,434.18,429.68,431.96,34522600,-0.26,4.51,-1.11,431.43,436.59,359.08,3.02,Tuesday,1,2016,1
2016-01-06,431.86,431.86,426.34,429.11,34042500,-0.66,5.51,-2.75,431.79,437.71,361.15,3.02,Wednesday,1,2016,1
2016-01-07,430.01,458.77,429.08,458.05,87562200,6.74,29.69,28.04,435.71,439.12,363.53,3.12,Thursday,1,2016,1
2016-01-08,457.54,462.93,447.94,453.23,56993000,-1.05,15.0,-4.31,438.41,440.31,365.85,3.13,Friday,1,2016,1
2016-01-09,453.38,454.64,446.89,447.61,32278000,-1.24,7.75,-5.77,440.44,441.38,368.08,3.14,Saturday,1,2016,1
2016-01-10,448.24,448.31,440.35,447.99,35995900,0.08,7.96,-0.25,443.01,441.25,370.33,2.7,Sunday,1,2016,1
2016-01-11,448.7,450.66,443.86,448.43,40450000,0.1,6.81,-0.27,445.2,441.7,372.54,2.61,Monday,1,2016,1
2016-01-12,448.18,448.18,435.69,435.69,115607000,-2.84,12.49,-12.49,445.73,441.76,374.58,2.67,Tuesday,1,2016,1
2016-01-13,434.67,435.19,424.44,432.37,173888000,-0.76,10.74,-2.29,446.2,441.37,376.56,2.63,Wednesday,1,2016,1
2016-01-14,432.29,433.32,427.85,430.31,43945500,-0.48,5.48,-1.98,442.23,440.2,378.42,2.47,Thursday,1,2016,1
2016-01-15,430.26,430.26,364.33,364.33,153351008,-15.33,65.92,-65.92,429.53,437.18,379.46,3.69,Friday,1,2016,1
2016-01-16,365.07,390.56,354.91,387.54,120352000,6.37,35.64,22.46,420.95,434.9,380.86,3.91,Saturday,1,2016,1
2016-01-17,387.15,390.96,380.09,382.3,45319600,-1.35,10.87,-4.85,411.57,432.19,382.18,3.89,Sunday,1,2016,1
2016-01-18,381.73,388.1,376.67,387.17,54403900,1.27,11.44,5.43,402.81,429.68,383.49,3.9,Monday,1,2016,1
2016-01-19,387.03,387.73,378.97,380.15,46819800,-1.81,8.76,-6.88,394.88,427.6,384.75,3.85,Tuesday,1,2016,1
2016-01-20,379.74,425.27,376.6,420.23,121720000,10.54,48.67,40.49,393.15,426.98,386.38,4.34,Wednesday,1,2016,1
2016-01-21,419.63,422.88,406.3,410.26,68338000,-2.37,16.58,-9.37,390.28,426.11,387.86,4.36,Thursday,1,2016,1
2016-01-22,409.75,410.41,375.28,382.49,91546600,-6.77,35.13,-27.26,392.88,424.11,388.98,4.51,Friday,1,2016,1
2016-01-23,382.43,394.54,381.98,387.49,56247400,1.31,12.56,5.06,392.87,421.86,390.14,4.48,Saturday,1,2016,1
2016-01-24,388.1,405.48,387.51,402.97,54824800,3.99,17.97,14.87,395.82,420.1,391.44,4.55,Sunday,1,2016,1
2016-01-25,402.32,402.32,388.55,391.73,59062400,-2.79,13.76,-10.59,396.47,419.25,392.53,4.32,Monday,1,2016,1
2016-01-26,392.0,397.77,390.58,392.15,58147000,0.11,7.19,0.15,398.19,418.23,393.5,4.31,Tuesday,1,2016,1
2016-01-27,392.44,396.84,391.78,394.97,47424400,0.72,5.06,2.53,394.58,417.32,394.41,4.31,Wednesday,1,2016,1
2016-01-28,395.15,395.5,379.73,380.29,59247900,-3.72,15.77,-14.86,390.3,415.56,394.99,4.33,Thursday,1,2016,1
